header_name,price,price_for_m2
Przytulne mieszkanie w bardzo dobrej lokalizacji,549 000 zł,11 935 zł/m²
Nowoczesne mieszkanie w centrum Gdyni (najem długoterminowy),5000 zł,200 zł/m²
Piękna kawalerka po remoncie,365 000 zł,16 324 zł/m²
Piękne 2-pokojowe mieszkanie po remoncie.,460 000 zł,12 432 zł/m²
3-pok.mieszkanie do własnej aranżacji na Chyloni,550 000 zł,11 702 zł/m²
"Piękne mieszkanie 2-pokojowe, Gdynia Śródmieście, ul. E. Orzeszkowej",540 000 zł,15 882 zł/m²
Sprzedam mieszkanie,500 000 zł,13 514 zł/m²
⭐3 pokoje + Ogród + Hala Garażowa⭐ Dni Otwarte,524 993 zł,10 367 zł/m²
Umów się na dni otwarte w sb->Skorzystaj z Rabatów,369 583 zł,11 112 zł/m²
Najtańsze 3 pokoje ⭐ 15min Centrum/Plaża _ Garaż od 5tyś_ DNI OTWARTE⭐,505 000 zł,10 100 zł/m²
❗Najtańsze 2 pokoje +15Min CENTRUM/PLAŻA + Parking 5tyś + ZGARNIJ Bon❗,364 800 zł,11 055 zł/m²
❗Piękny OGRÓDEK + Nowe 3 pokoje + GARAŻ 5tyś + DNI OTWARTE ❗,531 800 zł,10 427 zł/m²
⚠️Najtańsze 2 pokoje +Zgarnij Dod-RABAT + Parking 5tyś +DNI OTWARTE ⚠️,367 200 zł,11 127 zł/m²
⭐Nowe 2 pokoje _ 15min CENTRUM/PLAŻA _ Parking od 5tyś_ Umów TERMIN⭐,429 000 zł,11 000 zł/m²
"Mieszkanie  40,86 m² Gdynia — odbiór w lutym 2026!",560 126 zł,13 708 zł/m²
Widok na morze! | 2 pokoje w ciekawej aranżacji,559 000 zł,13 275 zł/m²
"Doskonała lokalizacja- blisko las, morze",599 000 zł,11 752 zł/m²
Mieszkanie - Wzgórze Św.Maksymiliana,480 000 zł,13 514 zł/m²
3 Pokoje Gdynia Witomino,519 000 zł,10 592 zł/m²
"Sprzedam 3 pok. Piękny widok na port, morze.",599 000 zł,11 302 zł/m²
Przestronne 2 pok. mieszkanie. Garderoba. SKM,499 000 zł,11 881 zł/m²
Mieszkanie otoczone lasem. 3 pok. Generalny remont,549 000 zł,11 935 zł/m²
Sprzedam bezpośrednio. 3 pok. Blisko SKM i lasu.,599 000 zł,11 093 zł/m²
Najtańsze mieszkanie po remoncie. Bezpośrednio,429 000 zł,14 300 zł/m²
"Gdynia Obłuże, 3 pokoje, do wprowadzenia, okazja!",526 000 zł,10 000 zł/m²
OSTATNIE Z Ogródkiem ✅ Zostaw wiadomość i zarezerwuj!,529 735 zł,10 490 zł/m²
NOWE M2 ✅ Duże rabaty w tym miesiącu ✅ Zostaw wiadomość!,412 805 zł,11 294 zł/m²
‼️Garaż 5 tys.zl‼️3 pokoje -> 15min od Morza,510 227 zł,10 205 zł/m²
18min od plaży +M.Postojowe +Dod Rabat na Dni otw!,369 376 zł,11 126 zł/m²
Spółdzielcze Inst.Miedziana Skm Balkon Parter,445 000 zł,8396 zł/m²
Blisko Morze Las Kawalerka | Płyta Redłowska,355 000 zł,14 669 zł/m²
Słoneczne 3 Pokoje Winda | Gdynia Pogórze Górne,525 000 zł,8750 zł/m²
"Przytulne, 2-pokojowe mieszkanie z dużym balkonem",545 000 zł,12 824 zł/m²
"Chylońska 35.4m2/370 tys.zł,2pok,k-oddz,balkon",370 000 zł,10 452 zł/m²
Piękne 2-pokojowe mieszkanie po remoncie.,460 000 zł,12 432 zł/m²
